{
 "gravity_center": [
  0.030221922405466048,
  -0.0010799853805605138,
  -0.0007521685199406175
 ],
 "obb": [
  0.9953532133961258,
  1.2246476353920976,
  1.2267321920165073
 ],
 "scale": 1.0,
 "density": 1.0,
 "mass": 0.8796947494521842
}